,path,classes
0,C:\Users\pengq\Documents\DeepLearningComputerVision\P02_MultiClassification\Dataset\train\rabbits\rabbits000.jpg,0
1,C:\Users\pengq\Documents\DeepLearningComputerVision\P02_MultiClassification\Dataset\train\rabbits\rabbits001.jpg,0
2,C:\Users\pengq\Documents\DeepLearningComputerVision\P02_MultiClassification\Dataset\train\rabbits\rabbits002.jpg,0
3,C:\Users\pengq\Documents\DeepLearningComputerVision\P02_MultiClassification\Dataset\train\rabbits\rabbits003.jpg,0
4,C:\Users\pengq\Documents\DeepLearningComputerVision\P02_MultiClassification\Dataset\train\rabbits\rabbits004.jpg,0
5,C:\Users\pengq\Documents\DeepLearningComputerVision\P02_MultiClassification\Dataset\train\rabbits\rabbits005.jpg,0
6,C:\Users\pengq\Documents\DeepLearningComputerVision\P02_MultiClassification\Dataset\train\rabbits\rabbits006.jpg,0
7,C:\Users\pengq\Documents\DeepLearningComputerVision\P02_MultiClassification\Dataset\train\rabbits\rabbits007.jpg,0
8,C:\Users\pengq\Documents\DeepLearningComputerVision\P02_MultiClassification\Dataset\train\rabbits\rabbits008.jpg,0
9,C:\Users\pengq\Documents\DeepLearningComputerVision\P02_MultiClassification\Dataset\train\rabbits\rabbits009.jpg,0
10,C:\Users\pengq\Documents\DeepLearningComputerVision\P02_MultiClassification\Dataset\train\rabbits\rabbits010.jpg,0
11,C:\Users\pengq\Documents\DeepLearningComputerVision\P02_MultiClassification\Dataset\train\rabbits\rabbits011.jpg,0
12,C:\Users\pengq\Documents\DeepLearningComputerVision\P02_MultiClassification\Dataset\train\rabbits\rabbits012.jpg,0
13,C:\Users\pengq\Documents\DeepLearningComputerVision\P02_MultiClassification\Dataset\train\rabbits\rabbits013.jpg,0
14,C:\Users\pengq\Documents\DeepLearningComputerVision\P02_MultiClassification\Dataset\train\rabbits\rabbits014.jpg,0
15,C:\Users\pengq\Documents\DeepLearningComputerVision\P02_MultiClassification\Dataset\train\rabbits\rabbits015.jpg,0
16,C:\Users\pengq\Documents\DeepLearningComputerVision\P02_MultiClassification\Dataset\train\rabbits\rabbits016.jpg,0
17,C:\Users\pengq\Documents\DeepLearningComputerVision\P02_MultiClassification\Dataset\train\rabbits\rabbits017.jpg,0
18,C:\Users\pengq\Documents\DeepLearningComputerVision\P02_MultiClassification\Dataset\train\rabbits\rabbits018.jpg,0
19,C:\Users\pengq\Documents\DeepLearningComputerVision\P02_MultiClassification\Dataset\train\rabbits\rabbits019.jpg,0
20,C:\Users\pengq\Documents\DeepLearningComputerVision\P02_MultiClassification\Dataset\train\rabbits\rabbits020.jpg,0
21,C:\Users\pengq\Documents\DeepLearningComputerVision\P02_MultiClassification\Dataset\train\rabbits\rabbits021.jpg,0
22,C:\Users\pengq\Documents\DeepLearningComputerVision\P02_MultiClassification\Dataset\train\rabbits\rabbits022.jpg,0
23,C:\Users\pengq\Documents\DeepLearningComputerVision\P02_MultiClassification\Dataset\train\rabbits\rabbits023.jpg,0
24,C:\Users\pengq\Documents\DeepLearningComputerVision\P02_MultiClassification\Dataset\train\rabbits\rabbits024.jpg,0
25,C:\Users\pengq\Documents\DeepLearningComputerVision\P02_MultiClassification\Dataset\train\rabbits\rabbits025.jpg,0
26,C:\Users\pengq\Documents\DeepLearningComputerVision\P02_MultiClassification\Dataset\train\rabbits\rabbits026.jpg,0
27,C:\Users\pengq\Documents\DeepLearningComputerVision\P02_MultiClassification\Dataset\train\rabbits\rabbits027.jpg,0
28,C:\Users\pengq\Documents\DeepLearningComputerVision\P02_MultiClassification\Dataset\train\rabbits\rabbits028.jpg,0
29,C:\Users\pengq\Documents\DeepLearningComputerVision\P02_MultiClassification\Dataset\train\rabbits\rabbits029.jpg,0
30,C:\Users\pengq\Documents\DeepLearningComputerVision\P02_MultiClassification\Dataset\train\rabbits\rabbits030.jpg,0
31,C:\Users\pengq\Documents\DeepLearningComputerVision\P02_MultiClassification\Dataset\train\rabbits\rabbits031.jpg,0
32,C:\Users\pengq\Documents\DeepLearningComputerVision\P02_MultiClassification\Dataset\train\rabbits\rabbits032.jpg,0
33,C:\Users\pengq\Documents\DeepLearningComputerVision\P02_MultiClassification\Dataset\train\rabbits\rabbits033.jpg,0
34,C:\Users\pengq\Documents\DeepLearningComputerVision\P02_MultiClassification\Dataset\train\rabbits\rabbits034.jpg,0
35,C:\Users\pengq\Documents\DeepLearningComputerVision\P02_MultiClassification\Dataset\train\rabbits\rabbits035.jpg,0
36,C:\Users\pengq\Documents\DeepLearningComputerVision\P02_MultiClassification\Dataset\train\rabbits\rabbits036.jpg,0
37,C:\Users\pengq\Documents\DeepLearningComputerVision\P02_MultiClassification\Dataset\train\rabbits\rabbits037.jpg,0
38,C:\Users\pengq\Documents\DeepLearningComputerVision\P02_MultiClassification\Dataset\train\rabbits\rabbits038.jpg,0
39,C:\Users\pengq\Documents\DeepLearningComputerVision\P02_MultiClassification\Dataset\train\rabbits\rabbits039.jpg,0
40,C:\Users\pengq\Documents\DeepLearningComputerVision\P02_MultiClassification\Dataset\train\rabbits\rabbits040.jpg,0
41,C:\Users\pengq\Documents\DeepLearningComputerVision\P02_MultiClassification\Dataset\train\rabbits\rabbits041.jpg,0
42,C:\Users\pengq\Documents\DeepLearningComputerVision\P02_MultiClassification\Dataset\train\rabbits\rabbits042.jpg,0
43,C:\Users\pengq\Documents\DeepLearningComputerVision\P02_MultiClassification\Dataset\train\rabbits\rabbits043.jpg,0
44,C:\Users\pengq\Documents\DeepLearningComputerVision\P02_MultiClassification\Dataset\train\rabbits\rabbits044.jpg,0
45,C:\Users\pengq\Documents\DeepLearningComputerVision\P02_MultiClassification\Dataset\train\rabbits\rabbits045.jpg,0
46,C:\Users\pengq\Documents\DeepLearningComputerVision\P02_MultiClassification\Dataset\train\rabbits\rabbits046.jpg,0
47,C:\Users\pengq\Documents\DeepLearningComputerVision\P02_MultiClassification\Dataset\train\rabbits\rabbits047.jpg,0
48,C:\Users\pengq\Documents\DeepLearningComputerVision\P02_MultiClassification\Dataset\train\rabbits\rabbits048.jpg,0
49,C:\Users\pengq\Documents\DeepLearningComputerVision\P02_MultiClassification\Dataset\train\rabbits\rabbits049.jpg,0
50,C:\Users\pengq\Documents\DeepLearningComputerVision\P02_MultiClassification\Dataset\train\rabbits\rabbits050.jpg,0
51,C:\Users\pengq\Documents\DeepLearningComputerVision\P02_MultiClassification\Dataset\train\rabbits\rabbits051.jpg,0
52,C:\Users\pengq\Documents\DeepLearningComputerVision\P02_MultiClassification\Dataset\train\rabbits\rabbits052.jpg,0
53,C:\Users\pengq\Documents\DeepLearningComputerVision\P02_MultiClassification\Dataset\train\rabbits\rabbits053.jpg,0
54,C:\Users\pengq\Documents\DeepLearningComputerVision\P02_MultiClassification\Dataset\train\rabbits\rabbits054.jpg,0
55,C:\Users\pengq\Documents\DeepLearningComputerVision\P02_MultiClassification\Dataset\train\rabbits\rabbits055.jpg,0
56,C:\Users\pengq\Documents\DeepLearningComputerVision\P02_MultiClassification\Dataset\train\rabbits\rabbits056.jpg,0
57,C:\Users\pengq\Documents\DeepLearningComputerVision\P02_MultiClassification\Dataset\train\rabbits\rabbits057.jpg,0
58,C:\Users\pengq\Documents\DeepLearningComputerVision\P02_MultiClassification\Dataset\train\rabbits\rabbits058.jpg,0
59,C:\Users\pengq\Documents\DeepLearningComputerVision\P02_MultiClassification\Dataset\train\rabbits\rabbits059.jpg,0
60,C:\Users\pengq\Documents\DeepLearningComputerVision\P02_MultiClassification\Dataset\train\rabbits\rabbits060.jpg,0
61,C:\Users\pengq\Documents\DeepLearningComputerVision\P02_MultiClassification\Dataset\train\rabbits\rabbits061.jpg,0
62,C:\Users\pengq\Documents\DeepLearningComputerVision\P02_MultiClassification\Dataset\train\rabbits\rabbits062.jpg,0
63,C:\Users\pengq\Documents\DeepLearningComputerVision\P02_MultiClassification\Dataset\train\rabbits\rabbits063.jpg,0
64,C:\Users\pengq\Documents\DeepLearningComputerVision\P02_MultiClassification\Dataset\train\rabbits\rabbits064.jpg,0
65,C:\Users\pengq\Documents\DeepLearningComputerVision\P02_MultiClassification\Dataset\train\rabbits\rabbits065.jpg,0
66,C:\Users\pengq\Documents\DeepLearningComputerVision\P02_MultiClassification\Dataset\train\rabbits\rabbits066.jpg,0
67,C:\Users\pengq\Documents\DeepLearningComputerVision\P02_MultiClassification\Dataset\train\rabbits\rabbits067.jpg,0
68,C:\Users\pengq\Documents\DeepLearningComputerVision\P02_MultiClassification\Dataset\train\rabbits\rabbits068.jpg,0
69,C:\Users\pengq\Documents\DeepLearningComputerVision\P02_MultiClassification\Dataset\train\rabbits\rabbits069.jpg,0
70,C:\Users\pengq\Documents\DeepLearningComputerVision\P02_MultiClassification\Dataset\train\rabbits\rabbits070.jpg,0
71,C:\Users\pengq\Documents\DeepLearningComputerVision\P02_MultiClassification\Dataset\train\rabbits\rabbits071.jpg,0
72,C:\Users\pengq\Documents\DeepLearningComputerVision\P02_MultiClassification\Dataset\train\rabbits\rabbits072.jpg,0
73,C:\Users\pengq\Documents\DeepLearningComputerVision\P02_MultiClassification\Dataset\train\rabbits\rabbits073.jpg,0
74,C:\Users\pengq\Documents\DeepLearningComputerVision\P02_MultiClassification\Dataset\train\rabbits\rabbits074.jpg,0
75,C:\Users\pengq\Documents\DeepLearningComputerVision\P02_MultiClassification\Dataset\train\rabbits\rabbits075.jpg,0
76,C:\Users\pengq\Documents\DeepLearningComputerVision\P02_MultiClassification\Dataset\train\rabbits\rabbits076.jpg,0
77,C:\Users\pengq\Documents\DeepLearningComputerVision\P02_MultiClassification\Dataset\train\rabbits\rabbits077.jpg,0
78,C:\Users\pengq\Documents\DeepLearningComputerVision\P02_MultiClassification\Dataset\train\rabbits\rabbits078.jpg,0
79,C:\Users\pengq\Documents\DeepLearningComputerVision\P02_MultiClassification\Dataset\train\rabbits\rabbits079.jpg,0
80,C:\Users\pengq\Documents\DeepLearningComputerVision\P02_MultiClassification\Dataset\train\rabbits\rabbits080.jpg,0
81,C:\Users\pengq\Documents\DeepLearningComputerVision\P02_MultiClassification\Dataset\train\rabbits\rabbits081.jpg,0
82,C:\Users\pengq\Documents\DeepLearningComputerVision\P02_MultiClassification\Dataset\train\rabbits\rabbits082.jpg,0
83,C:\Users\pengq\Documents\DeepLearningComputerVision\P02_MultiClassification\Dataset\train\rabbits\rabbits083.jpg,0
84,C:\Users\pengq\Documents\DeepLearningComputerVision\P02_MultiClassification\Dataset\train\rabbits\rabbits084.jpg,0
85,C:\Users\pengq\Documents\DeepLearningComputerVision\P02_MultiClassification\Dataset\train\rabbits\rabbits085.jpg,0
86,C:\Users\pengq\Documents\DeepLearningComputerVision\P02_MultiClassification\Dataset\train\rabbits\rabbits086.jpg,0
87,C:\Users\pengq\Documents\DeepLearningComputerVision\P02_MultiClassification\Dataset\train\rabbits\rabbits087.jpg,0
88,C:\Users\pengq\Documents\DeepLearningComputerVision\P02_MultiClassification\Dataset\train\rabbits\rabbits088.jpg,0
89,C:\Users\pengq\Documents\DeepLearningComputerVision\P02_MultiClassification\Dataset\train\rabbits\rabbits089.jpg,0
90,C:\Users\pengq\Documents\DeepLearningComputerVision\P02_MultiClassification\Dataset\train\rabbits\rabbits090.jpg,0
91,C:\Users\pengq\Documents\DeepLearningComputerVision\P02_MultiClassification\Dataset\train\rabbits\rabbits091.jpg,0
92,C:\Users\pengq\Documents\DeepLearningComputerVision\P02_MultiClassification\Dataset\train\rabbits\rabbits092.jpg,0
93,C:\Users\pengq\Documents\DeepLearningComputerVision\P02_MultiClassification\Dataset\train\rabbits\rabbits093.jpg,0
94,C:\Users\pengq\Documents\DeepLearningComputerVision\P02_MultiClassification\Dataset\train\rabbits\rabbits094.jpg,0
95,C:\Users\pengq\Documents\DeepLearningComputerVision\P02_MultiClassification\Dataset\train\rabbits\rabbits095.jpg,0
96,C:\Users\pengq\Documents\DeepLearningComputerVision\P02_MultiClassification\Dataset\train\rabbits\rabbits096.jpg,0
97,C:\Users\pengq\Documents\DeepLearningComputerVision\P02_MultiClassification\Dataset\train\rabbits\rabbits097.jpg,0
98,C:\Users\pengq\Documents\DeepLearningComputerVision\P02_MultiClassification\Dataset\train\rabbits\rabbits098.jpg,0
99,C:\Users\pengq\Documents\DeepLearningComputerVision\P02_MultiClassification\Dataset\train\rabbits\rabbits099.jpg,0
100,C:\Users\pengq\Documents\DeepLearningComputerVision\P02_MultiClassification\Dataset\train\rabbits\rabbits100.jpg,0
101,C:\Users\pengq\Documents\DeepLearningComputerVision\P02_MultiClassification\Dataset\train\rabbits\rabbits101.jpg,0
102,C:\Users\pengq\Documents\DeepLearningComputerVision\P02_MultiClassification\Dataset\train\rabbits\rabbits102.jpg,0
103,C:\Users\pengq\Documents\DeepLearningComputerVision\P02_MultiClassification\Dataset\train\rabbits\rabbits103.jpg,0
104,C:\Users\pengq\Documents\DeepLearningComputerVision\P02_MultiClassification\Dataset\train\rabbits\rabbits104.jpg,0
105,C:\Users\pengq\Documents\DeepLearningComputerVision\P02_MultiClassification\Dataset\train\rabbits\rabbits105.jpg,0
106,C:\Users\pengq\Documents\DeepLearningComputerVision\P02_MultiClassification\Dataset\train\rabbits\rabbits106.jpg,0
107,C:\Users\pengq\Documents\DeepLearningComputerVision\P02_MultiClassification\Dataset\train\rabbits\rabbits107.jpg,0
108,C:\Users\pengq\Documents\DeepLearningComputerVision\P02_MultiClassification\Dataset\train\rabbits\rabbits108.jpg,0
109,C:\Users\pengq\Documents\DeepLearningComputerVision\P02_MultiClassification\Dataset\train\rabbits\rabbits109.jpg,0
110,C:\Users\pengq\Documents\DeepLearningComputerVision\P02_MultiClassification\Dataset\train\rabbits\rabbits110.jpg,0
111,C:\Users\pengq\Documents\DeepLearningComputerVision\P02_MultiClassification\Dataset\train\rabbits\rabbits111.jpg,0
112,C:\Users\pengq\Documents\DeepLearningComputerVision\P02_MultiClassification\Dataset\train\rabbits\rabbits112.jpg,0
113,C:\Users\pengq\Documents\DeepLearningComputerVision\P02_MultiClassification\Dataset\train\rabbits\rabbits113.jpg,0
114,C:\Users\pengq\Documents\DeepLearningComputerVision\P02_MultiClassification\Dataset\train\rabbits\rabbits114.jpg,0
115,C:\Users\pengq\Documents\DeepLearningComputerVision\P02_MultiClassification\Dataset\train\rabbits\rabbits115.jpg,0
116,C:\Users\pengq\Documents\DeepLearningComputerVision\P02_MultiClassification\Dataset\train\rabbits\rabbits116.jpg,0
117,C:\Users\pengq\Documents\DeepLearningComputerVision\P02_MultiClassification\Dataset\train\rabbits\rabbits117.jpg,0
118,C:\Users\pengq\Documents\DeepLearningComputerVision\P02_MultiClassification\Dataset\train\rabbits\rabbits118.jpg,0
119,C:\Users\pengq\Documents\DeepLearningComputerVision\P02_MultiClassification\Dataset\train\rabbits\rabbits119.jpg,0
120,C:\Users\pengq\Documents\DeepLearningComputerVision\P02_MultiClassification\Dataset\train\rabbits\rabbits120.jpg,0
121,C:\Users\pengq\Documents\DeepLearningComputerVision\P02_MultiClassification\Dataset\train\rabbits\rabbits121.jpg,0
122,C:\Users\pengq\Documents\DeepLearningComputerVision\P02_MultiClassification\Dataset\train\rabbits\rabbits122.jpg,0
123,C:\Users\pengq\Documents\DeepLearningComputerVision\P02_MultiClassification\Dataset\train\rabbits\rabbits123.jpg,0
124,C:\Users\pengq\Documents\DeepLearningComputerVision\P02_MultiClassification\Dataset\train\rabbits\rabbits124.jpg,0
125,C:\Users\pengq\Documents\DeepLearningComputerVision\P02_MultiClassification\Dataset\train\rabbits\rabbits125.jpg,0
126,C:\Users\pengq\Documents\DeepLearningComputerVision\P02_MultiClassification\Dataset\train\rabbits\rabbits126.jpg,0
127,C:\Users\pengq\Documents\DeepLearningComputerVision\P02_MultiClassification\Dataset\train\rabbits\rabbits127.jpg,0
128,C:\Users\pengq\Documents\DeepLearningComputerVision\P02_MultiClassification\Dataset\train\rabbits\rabbits128.jpg,0
129,C:\Users\pengq\Documents\DeepLearningComputerVision\P02_MultiClassification\Dataset\train\rabbits\rabbits129.jpg,0
130,C:\Users\pengq\Documents\DeepLearningComputerVision\P02_MultiClassification\Dataset\train\rabbits\rabbits130.jpg,0
131,C:\Users\pengq\Documents\DeepLearningComputerVision\P02_MultiClassification\Dataset\train\rabbits\rabbits131.jpg,0
132,C:\Users\pengq\Documents\DeepLearningComputerVision\P02_MultiClassification\Dataset\train\rabbits\rabbits132.jpg,0
133,C:\Users\pengq\Documents\DeepLearningComputerVision\P02_MultiClassification\Dataset\train\rabbits\rabbits133.jpg,0
134,C:\Users\pengq\Documents\DeepLearningComputerVision\P02_MultiClassification\Dataset\train\rabbits\rabbits134.jpg,0
135,C:\Users\pengq\Documents\DeepLearningComputerVision\P02_MultiClassification\Dataset\train\rabbits\rabbits135.jpg,0
136,C:\Users\pengq\Documents\DeepLearningComputerVision\P02_MultiClassification\Dataset\train\rabbits\rabbits136.jpg,0
137,C:\Users\pengq\Documents\DeepLearningComputerVision\P02_MultiClassification\Dataset\train\rabbits\rabbits137.jpg,0
138,C:\Users\pengq\Documents\DeepLearningComputerVision\P02_MultiClassification\Dataset\train\rabbits\rabbits138.jpg,0
139,C:\Users\pengq\Documents\DeepLearningComputerVision\P02_MultiClassification\Dataset\train\rabbits\rabbits139.jpg,0
140,C:\Users\pengq\Documents\DeepLearningComputerVision\P02_MultiClassification\Dataset\train\rabbits\rabbits140.jpg,0
141,C:\Users\pengq\Documents\DeepLearningComputerVision\P02_MultiClassification\Dataset\train\rabbits\rabbits141.jpg,0
142,C:\Users\pengq\Documents\DeepLearningComputerVision\P02_MultiClassification\Dataset\train\rabbits\rabbits142.jpg,0
143,C:\Users\pengq\Documents\DeepLearningComputerVision\P02_MultiClassification\Dataset\train\rabbits\rabbits143.jpg,0
144,C:\Users\pengq\Documents\DeepLearningComputerVision\P02_MultiClassification\Dataset\train\rabbits\rabbits144.jpg,0
145,C:\Users\pengq\Documents\DeepLearningComputerVision\P02_MultiClassification\Dataset\train\rabbits\rabbits145.jpg,0
146,C:\Users\pengq\Documents\DeepLearningComputerVision\P02_MultiClassification\Dataset\train\rabbits\rabbits146.jpg,0
147,C:\Users\pengq\Documents\DeepLearningComputerVision\P02_MultiClassification\Dataset\train\rabbits\rabbits147.jpg,0
148,C:\Users\pengq\Documents\DeepLearningComputerVision\P02_MultiClassification\Dataset\train\rabbits\rabbits148.jpg,0
149,C:\Users\pengq\Documents\DeepLearningComputerVision\P02_MultiClassification\Dataset\train\rabbits\rabbits149.jpg,0
150,C:\Users\pengq\Documents\DeepLearningComputerVision\P02_MultiClassification\Dataset\train\rabbits\rabbits150.jpg,0
151,C:\Users\pengq\Documents\DeepLearningComputerVision\P02_MultiClassification\Dataset\train\rabbits\rabbits151.jpg,0
152,C:\Users\pengq\Documents\DeepLearningComputerVision\P02_MultiClassification\Dataset\train\rabbits\rabbits152.jpg,0
153,C:\Users\pengq\Documents\DeepLearningComputerVision\P02_MultiClassification\Dataset\train\rabbits\rabbits153.jpg,0
154,C:\Users\pengq\Documents\DeepLearningComputerVision\P02_MultiClassification\Dataset\train\rabbits\rabbits154.jpg,0
155,C:\Users\pengq\Documents\DeepLearningComputerVision\P02_MultiClassification\Dataset\train\rabbits\rabbits155.jpg,0
156,C:\Users\pengq\Documents\DeepLearningComputerVision\P02_MultiClassification\Dataset\train\rabbits\rabbits156.jpg,0
157,C:\Users\pengq\Documents\DeepLearningComputerVision\P02_MultiClassification\Dataset\train\rabbits\rabbits157.jpg,0
158,C:\Users\pengq\Documents\DeepLearningComputerVision\P02_MultiClassification\Dataset\train\rabbits\rabbits158.jpg,0
159,C:\Users\pengq\Documents\DeepLearningComputerVision\P02_MultiClassification\Dataset\train\rabbits\rabbits159.jpg,0
160,C:\Users\pengq\Documents\DeepLearningComputerVision\P02_MultiClassification\Dataset\train\rabbits\rabbits160.jpg,0
161,C:\Users\pengq\Documents\DeepLearningComputerVision\P02_MultiClassification\Dataset\train\rabbits\rabbits161.jpg,0
162,C:\Users\pengq\Documents\DeepLearningComputerVision\P02_MultiClassification\Dataset\train\rabbits\rabbits162.jpg,0
163,C:\Users\pengq\Documents\DeepLearningComputerVision\P02_MultiClassification\Dataset\train\rabbits\rabbits163.jpg,0
164,C:\Users\pengq\Documents\DeepLearningComputerVision\P02_MultiClassification\Dataset\train\rabbits\rabbits164.jpg,0
165,C:\Users\pengq\Documents\DeepLearningComputerVision\P02_MultiClassification\Dataset\train\rabbits\rabbits165.jpg,0
166,C:\Users\pengq\Documents\DeepLearningComputerVision\P02_MultiClassification\Dataset\train\rabbits\rabbits166.jpg,0
167,C:\Users\pengq\Documents\DeepLearningComputerVision\P02_MultiClassification\Dataset\train\rabbits\rabbits167.jpg,0
168,C:\Users\pengq\Documents\DeepLearningComputerVision\P02_MultiClassification\Dataset\train\rabbits\rabbits168.jpg,0
169,C:\Users\pengq\Documents\DeepLearningComputerVision\P02_MultiClassification\Dataset\train\rabbits\rabbits169.jpg,0
170,C:\Users\pengq\Documents\DeepLearningComputerVision\P02_MultiClassification\Dataset\train\rabbits\rabbits170.jpg,0
171,C:\Users\pengq\Documents\DeepLearningComputerVision\P02_MultiClassification\Dataset\train\rabbits\rabbits171.jpg,0
172,C:\Users\pengq\Documents\DeepLearningComputerVision\P02_MultiClassification\Dataset\train\rabbits\rabbits172.jpg,0
173,C:\Users\pengq\Documents\DeepLearningComputerVision\P02_MultiClassification\Dataset\train\rabbits\rabbits173.jpg,0
174,C:\Users\pengq\Documents\DeepLearningComputerVision\P02_MultiClassification\Dataset\train\rabbits\rabbits174.jpg,0
175,C:\Users\pengq\Documents\DeepLearningComputerVision\P02_MultiClassification\Dataset\train\rabbits\rabbits175.jpg,0
176,C:\Users\pengq\Documents\DeepLearningComputerVision\P02_MultiClassification\Dataset\train\rabbits\rabbits176.jpg,0
177,C:\Users\pengq\Documents\DeepLearningComputerVision\P02_MultiClassification\Dataset\train\rabbits\rabbits177.jpg,0
178,C:\Users\pengq\Documents\DeepLearningComputerVision\P02_MultiClassification\Dataset\train\rabbits\rabbits178.jpg,0
179,C:\Users\pengq\Documents\DeepLearningComputerVision\P02_MultiClassification\Dataset\train\rabbits\rabbits179.jpg,0
180,C:\Users\pengq\Documents\DeepLearningComputerVision\P02_MultiClassification\Dataset\train\rabbits\rabbits180.jpg,0
181,C:\Users\pengq\Documents\DeepLearningComputerVision\P02_MultiClassification\Dataset\train\rabbits\rabbits181.jpg,0
182,C:\Users\pengq\Documents\DeepLearningComputerVision\P02_MultiClassification\Dataset\train\rabbits\rabbits182.jpg,0
183,C:\Users\pengq\Documents\DeepLearningComputerVision\P02_MultiClassification\Dataset\train\rabbits\rabbits183.jpg,0
184,C:\Users\pengq\Documents\DeepLearningComputerVision\P02_MultiClassification\Dataset\train\rabbits\rabbits184.jpg,0
185,C:\Users\pengq\Documents\DeepLearningComputerVision\P02_MultiClassification\Dataset\train\rabbits\rabbits185.jpg,0
186,C:\Users\pengq\Documents\DeepLearningComputerVision\P02_MultiClassification\Dataset\train\rabbits\rabbits186.jpg,0
187,C:\Users\pengq\Documents\DeepLearningComputerVision\P02_MultiClassification\Dataset\train\rabbits\rabbits187.jpg,0
188,C:\Users\pengq\Documents\DeepLearningComputerVision\P02_MultiClassification\Dataset\train\rabbits\rabbits188.jpg,0
189,C:\Users\pengq\Documents\DeepLearningComputerVision\P02_MultiClassification\Dataset\train\rabbits\rabbits189.jpg,0
190,C:\Users\pengq\Documents\DeepLearningComputerVision\P02_MultiClassification\Dataset\train\rabbits\rabbits190.jpg,0
191,C:\Users\pengq\Documents\DeepLearningComputerVision\P02_MultiClassification\Dataset\train\rabbits\rabbits191.jpg,0
192,C:\Users\pengq\Documents\DeepLearningComputerVision\P02_MultiClassification\Dataset\train\rabbits\rabbits192.jpg,0
193,C:\Users\pengq\Documents\DeepLearningComputerVision\P02_MultiClassification\Dataset\train\rabbits\rabbits193.jpg,0
194,C:\Users\pengq\Documents\DeepLearningComputerVision\P02_MultiClassification\Dataset\train\rabbits\rabbits194.jpg,0
195,C:\Users\pengq\Documents\DeepLearningComputerVision\P02_MultiClassification\Dataset\train\rabbits\rabbits195.jpg,0
196,C:\Users\pengq\Documents\DeepLearningComputerVision\P02_MultiClassification\Dataset\train\rabbits\rabbits196.jpg,0
197,C:\Users\pengq\Documents\DeepLearningComputerVision\P02_MultiClassification\Dataset\train\rabbits\rabbits197.jpg,0
198,C:\Users\pengq\Documents\DeepLearningComputerVision\P02_MultiClassification\Dataset\train\rabbits\rabbits198.jpg,0
199,C:\Users\pengq\Documents\DeepLearningComputerVision\P02_MultiClassification\Dataset\train\rabbits\rabbits199.jpg,0
200,C:\Users\pengq\Documents\DeepLearningComputerVision\P02_MultiClassification\Dataset\train\rabbits\rabbits200.jpg,0
201,C:\Users\pengq\Documents\DeepLearningComputerVision\P02_MultiClassification\Dataset\train\rabbits\rabbits201.jpg,0
202,C:\Users\pengq\Documents\DeepLearningComputerVision\P02_MultiClassification\Dataset\train\rabbits\rabbits202.jpg,0
203,C:\Users\pengq\Documents\DeepLearningComputerVision\P02_MultiClassification\Dataset\train\rabbits\rabbits203.jpg,0
204,C:\Users\pengq\Documents\DeepLearningComputerVision\P02_MultiClassification\Dataset\train\rabbits\rabbits204.jpg,0
205,C:\Users\pengq\Documents\DeepLearningComputerVision\P02_MultiClassification\Dataset\train\rabbits\rabbits205.jpg,0
206,C:\Users\pengq\Documents\DeepLearningComputerVision\P02_MultiClassification\Dataset\train\rabbits\rabbits206.jpg,0
207,C:\Users\pengq\Documents\DeepLearningComputerVision\P02_MultiClassification\Dataset\train\rabbits\rabbits207.jpg,0
208,C:\Users\pengq\Documents\DeepLearningComputerVision\P02_MultiClassification\Dataset\train\rabbits\rabbits208.jpg,0
209,C:\Users\pengq\Documents\DeepLearningComputerVision\P02_MultiClassification\Dataset\train\rabbits\rabbits209.jpg,0
210,C:\Users\pengq\Documents\DeepLearningComputerVision\P02_MultiClassification\Dataset\train\rabbits\rabbits210.jpg,0
211,C:\Users\pengq\Documents\DeepLearningComputerVision\P02_MultiClassification\Dataset\train\rabbits\rabbits211.jpg,0
212,C:\Users\pengq\Documents\DeepLearningComputerVision\P02_MultiClassification\Dataset\train\rabbits\rabbits212.jpg,0
213,C:\Users\pengq\Documents\DeepLearningComputerVision\P02_MultiClassification\Dataset\train\rabbits\rabbits213.jpg,0
214,C:\Users\pengq\Documents\DeepLearningComputerVision\P02_MultiClassification\Dataset\train\rabbits\rabbits214.jpg,0
215,C:\Users\pengq\Documents\DeepLearningComputerVision\P02_MultiClassification\Dataset\train\rabbits\rabbits215.jpg,0
216,C:\Users\pengq\Documents\DeepLearningComputerVision\P02_MultiClassification\Dataset\train\rabbits\rabbits216.jpg,0
217,C:\Users\pengq\Documents\DeepLearningComputerVision\P02_MultiClassification\Dataset\train\rabbits\rabbits217.jpg,0
218,C:\Users\pengq\Documents\DeepLearningComputerVision\P02_MultiClassification\Dataset\train\rabbits\rabbits218.jpg,0
219,C:\Users\pengq\Documents\DeepLearningComputerVision\P02_MultiClassification\Dataset\train\rabbits\rabbits219.jpg,0
220,C:\Users\pengq\Documents\DeepLearningComputerVision\P02_MultiClassification\Dataset\train\rabbits\rabbits220.jpg,0
221,C:\Users\pengq\Documents\DeepLearningComputerVision\P02_MultiClassification\Dataset\train\rabbits\rabbits221.jpg,0
222,C:\Users\pengq\Documents\DeepLearningComputerVision\P02_MultiClassification\Dataset\train\rabbits\rabbits222.jpg,0
223,C:\Users\pengq\Documents\DeepLearningComputerVision\P02_MultiClassification\Dataset\train\rabbits\rabbits223.jpg,0
224,C:\Users\pengq\Documents\DeepLearningComputerVision\P02_MultiClassification\Dataset\train\rabbits\rabbits224.jpg,0
225,C:\Users\pengq\Documents\DeepLearningComputerVision\P02_MultiClassification\Dataset\train\rabbits\rabbits225.jpg,0
226,C:\Users\pengq\Documents\DeepLearningComputerVision\P02_MultiClassification\Dataset\train\rabbits\rabbits226.jpg,0
227,C:\Users\pengq\Documents\DeepLearningComputerVision\P02_MultiClassification\Dataset\train\rabbits\rabbits227.jpg,0
228,C:\Users\pengq\Documents\DeepLearningComputerVision\P02_MultiClassification\Dataset\train\rabbits\rabbits228.jpg,0
229,C:\Users\pengq\Documents\DeepLearningComputerVision\P02_MultiClassification\Dataset\train\rabbits\rabbits229.jpg,0
230,C:\Users\pengq\Documents\DeepLearningComputerVision\P02_MultiClassification\Dataset\train\rabbits\rabbits230.jpg,0
231,C:\Users\pengq\Documents\DeepLearningComputerVision\P02_MultiClassification\Dataset\train\rabbits\rabbits231.jpg,0
232,C:\Users\pengq\Documents\DeepLearningComputerVision\P02_MultiClassification\Dataset\train\rabbits\rabbits232.jpg,0
233,C:\Users\pengq\Documents\DeepLearningComputerVision\P02_MultiClassification\Dataset\train\rabbits\rabbits233.jpg,0
234,C:\Users\pengq\Documents\DeepLearningComputerVision\P02_MultiClassification\Dataset\train\rabbits\rabbits234.jpg,0
235,C:\Users\pengq\Documents\DeepLearningComputerVision\P02_MultiClassification\Dataset\train\rabbits\rabbits235.jpg,0
236,C:\Users\pengq\Documents\DeepLearningComputerVision\P02_MultiClassification\Dataset\train\rabbits\rabbits236.jpg,0
237,C:\Users\pengq\Documents\DeepLearningComputerVision\P02_MultiClassification\Dataset\train\rabbits\rabbits237.jpg,0
238,C:\Users\pengq\Documents\DeepLearningComputerVision\P02_MultiClassification\Dataset\train\rabbits\rabbits238.jpg,0
239,C:\Users\pengq\Documents\DeepLearningComputerVision\P02_MultiClassification\Dataset\train\rabbits\rabbits239.jpg,0
240,C:\Users\pengq\Documents\DeepLearningComputerVision\P02_MultiClassification\Dataset\train\rabbits\rabbits240.jpg,0
241,C:\Users\pengq\Documents\DeepLearningComputerVision\P02_MultiClassification\Dataset\train\rabbits\rabbits241.jpg,0
242,C:\Users\pengq\Documents\DeepLearningComputerVision\P02_MultiClassification\Dataset\train\rabbits\rabbits242.jpg,0
243,C:\Users\pengq\Documents\DeepLearningComputerVision\P02_MultiClassification\Dataset\train\rabbits\rabbits243.jpg,0
244,C:\Users\pengq\Documents\DeepLearningComputerVision\P02_MultiClassification\Dataset\train\rabbits\rabbits244.jpg,0
245,C:\Users\pengq\Documents\DeepLearningComputerVision\P02_MultiClassification\Dataset\train\rabbits\rabbits245.jpg,0
246,C:\Users\pengq\Documents\DeepLearningComputerVision\P02_MultiClassification\Dataset\train\rabbits\rabbits246.jpg,0
247,C:\Users\pengq\Documents\DeepLearningComputerVision\P02_MultiClassification\Dataset\train\rabbits\rabbits247.jpg,0
248,C:\Users\pengq\Documents\DeepLearningComputerVision\P02_MultiClassification\Dataset\train\rabbits\rabbits248.jpg,0
249,C:\Users\pengq\Documents\DeepLearningComputerVision\P02_MultiClassification\Dataset\train\rabbits\rabbits249.jpg,0
250,C:\Users\pengq\Documents\DeepLearningComputerVision\P02_MultiClassification\Dataset\train\rabbits\rabbits250.jpg,0
251,C:\Users\pengq\Documents\DeepLearningComputerVision\P02_MultiClassification\Dataset\train\rabbits\rabbits251.jpg,0
252,C:\Users\pengq\Documents\DeepLearningComputerVision\P02_MultiClassification\Dataset\train\rabbits\rabbits252.jpg,0
253,C:\Users\pengq\Documents\DeepLearningComputerVision\P02_MultiClassification\Dataset\train\rabbits\rabbits253.jpg,0
254,C:\Users\pengq\Documents\DeepLearningComputerVision\P02_MultiClassification\Dataset\train\rabbits\rabbits254.jpg,0
255,C:\Users\pengq\Documents\DeepLearningComputerVision\P02_MultiClassification\Dataset\train\rabbits\rabbits255.jpg,0
256,C:\Users\pengq\Documents\DeepLearningComputerVision\P02_MultiClassification\Dataset\train\rabbits\rabbits256.jpg,0
257,C:\Users\pengq\Documents\DeepLearningComputerVision\P02_MultiClassification\Dataset\train\rabbits\rabbits257.jpg,0
258,C:\Users\pengq\Documents\DeepLearningComputerVision\P02_MultiClassification\Dataset\train\rabbits\rabbits258.jpg,0
259,C:\Users\pengq\Documents\DeepLearningComputerVision\P02_MultiClassification\Dataset\train\rabbits\rabbits259.jpg,0
260,C:\Users\pengq\Documents\DeepLearningComputerVision\P02_MultiClassification\Dataset\train\rabbits\rabbits260.jpg,0
261,C:\Users\pengq\Documents\DeepLearningComputerVision\P02_MultiClassification\Dataset\train\rabbits\rabbits261.jpg,0
262,C:\Users\pengq\Documents\DeepLearningComputerVision\P02_MultiClassification\Dataset\train\rabbits\rabbits262.jpg,0
263,C:\Users\pengq\Documents\DeepLearningComputerVision\P02_MultiClassification\Dataset\train\rabbits\rabbits263.jpg,0
264,C:\Users\pengq\Documents\DeepLearningComputerVision\P02_MultiClassification\Dataset\train\rabbits\rabbits264.jpg,0
265,C:\Users\pengq\Documents\DeepLearningComputerVision\P02_MultiClassification\Dataset\train\rabbits\rabbits265.jpg,0
266,C:\Users\pengq\Documents\DeepLearningComputerVision\P02_MultiClassification\Dataset\train\rabbits\rabbits266.jpg,0
267,C:\Users\pengq\Documents\DeepLearningComputerVision\P02_MultiClassification\Dataset\train\rabbits\rabbits267.jpg,0
268,C:\Users\pengq\Documents\DeepLearningComputerVision\P02_MultiClassification\Dataset\train\rabbits\rabbits268.jpg,0
269,C:\Users\pengq\Documents\DeepLearningComputerVision\P02_MultiClassification\Dataset\train\rabbits\rabbits269.jpg,0
270,C:\Users\pengq\Documents\DeepLearningComputerVision\P02_MultiClassification\Dataset\train\rabbits\rabbits270.jpg,0
271,C:\Users\pengq\Documents\DeepLearningComputerVision\P02_MultiClassification\Dataset\train\rabbits\rabbits271.jpg,0
272,C:\Users\pengq\Documents\DeepLearningComputerVision\P02_MultiClassification\Dataset\train\rabbits\rabbits272.jpg,0
273,C:\Users\pengq\Documents\DeepLearningComputerVision\P02_MultiClassification\Dataset\train\rabbits\rabbits273.jpg,0
274,C:\Users\pengq\Documents\DeepLearningComputerVision\P02_MultiClassification\Dataset\train\rabbits\rabbits274.jpg,0
275,C:\Users\pengq\Documents\DeepLearningComputerVision\P02_MultiClassification\Dataset\train\rabbits\rabbits275.jpg,0
276,C:\Users\pengq\Documents\DeepLearningComputerVision\P02_MultiClassification\Dataset\train\rabbits\rabbits276.jpg,0
277,C:\Users\pengq\Documents\DeepLearningComputerVision\P02_MultiClassification\Dataset\train\rabbits\rabbits277.jpg,0
278,C:\Users\pengq\Documents\DeepLearningComputerVision\P02_MultiClassification\Dataset\train\rabbits\rabbits278.jpg,0
279,C:\Users\pengq\Documents\DeepLearningComputerVision\P02_MultiClassification\Dataset\train\rabbits\rabbits279.jpg,0
280,C:\Users\pengq\Documents\DeepLearningComputerVision\P02_MultiClassification\Dataset\train\rabbits\rabbits280.jpg,0
281,C:\Users\pengq\Documents\DeepLearningComputerVision\P02_MultiClassification\Dataset\train\rabbits\rabbits281.jpg,0
282,C:\Users\pengq\Documents\DeepLearningComputerVision\P02_MultiClassification\Dataset\train\rabbits\rabbits282.jpg,0
283,C:\Users\pengq\Documents\DeepLearningComputerVision\P02_MultiClassification\Dataset\train\rabbits\rabbits283.jpg,0
284,C:\Users\pengq\Documents\DeepLearningComputerVision\P02_MultiClassification\Dataset\train\rabbits\rabbits284.jpg,0
285,C:\Users\pengq\Documents\DeepLearningComputerVision\P02_MultiClassification\Dataset\train\rabbits\rabbits285.jpg,0
286,C:\Users\pengq\Documents\DeepLearningComputerVision\P02_MultiClassification\Dataset\train\rabbits\rabbits286.jpg,0
287,C:\Users\pengq\Documents\DeepLearningComputerVision\P02_MultiClassification\Dataset\train\rabbits\rabbits287.jpg,0
288,C:\Users\pengq\Documents\DeepLearningComputerVision\P02_MultiClassification\Dataset\train\rabbits\rabbits288.jpg,0
289,C:\Users\pengq\Documents\DeepLearningComputerVision\P02_MultiClassification\Dataset\train\rabbits\rabbits289.jpg,0
290,C:\Users\pengq\Documents\DeepLearningComputerVision\P02_MultiClassification\Dataset\train\rabbits\rabbits290.jpg,0
291,C:\Users\pengq\Documents\DeepLearningComputerVision\P02_MultiClassification\Dataset\train\rabbits\rabbits291.jpg,0
292,C:\Users\pengq\Documents\DeepLearningComputerVision\P02_MultiClassification\Dataset\train\rabbits\rabbits292.jpg,0
293,C:\Users\pengq\Documents\DeepLearningComputerVision\P02_MultiClassification\Dataset\train\rabbits\rabbits293.jpg,0
294,C:\Users\pengq\Documents\DeepLearningComputerVision\P02_MultiClassification\Dataset\train\rabbits\rabbits294.jpg,0
295,C:\Users\pengq\Documents\DeepLearningComputerVision\P02_MultiClassification\Dataset\train\rabbits\rabbits295.jpg,0
296,C:\Users\pengq\Documents\DeepLearningComputerVision\P02_MultiClassification\Dataset\train\rabbits\rabbits296.jpg,0
297,C:\Users\pengq\Documents\DeepLearningComputerVision\P02_MultiClassification\Dataset\train\rabbits\rabbits297.jpg,0
298,C:\Users\pengq\Documents\DeepLearningComputerVision\P02_MultiClassification\Dataset\train\rabbits\rabbits298.jpg,0
299,C:\Users\pengq\Documents\DeepLearningComputerVision\P02_MultiClassification\Dataset\train\rabbits\rabbits299.jpg,0
300,C:\Users\pengq\Documents\DeepLearningComputerVision\P02_MultiClassification\Dataset\train\rabbits\rabbits300.jpg,0
301,C:\Users\pengq\Documents\DeepLearningComputerVision\P02_MultiClassification\Dataset\train\rabbits\rabbits301.jpg,0
302,C:\Users\pengq\Documents\DeepLearningComputerVision\P02_MultiClassification\Dataset\train\rabbits\rabbits302.jpg,0
303,C:\Users\pengq\Documents\DeepLearningComputerVision\P02_MultiClassification\Dataset\train\rabbits\rabbits303.jpg,0
304,C:\Users\pengq\Documents\DeepLearningComputerVision\P02_MultiClassification\Dataset\train\rabbits\rabbits304.jpg,0
305,C:\Users\pengq\Documents\DeepLearningComputerVision\P02_MultiClassification\Dataset\train\rabbits\rabbits305.jpg,0
306,C:\Users\pengq\Documents\DeepLearningComputerVision\P02_MultiClassification\Dataset\train\rabbits\rabbits306.jpg,0
307,C:\Users\pengq\Documents\DeepLearningComputerVision\P02_MultiClassification\Dataset\train\rabbits\rabbits307.jpg,0
308,C:\Users\pengq\Documents\DeepLearningComputerVision\P02_MultiClassification\Dataset\train\rabbits\rabbits308.jpg,0
309,C:\Users\pengq\Documents\DeepLearningComputerVision\P02_MultiClassification\Dataset\train\rabbits\rabbits309.jpg,0
310,C:\Users\pengq\Documents\DeepLearningComputerVision\P02_MultiClassification\Dataset\train\chickens\chickens000.jpg,1
311,C:\Users\pengq\Documents\DeepLearningComputerVision\P02_MultiClassification\Dataset\train\chickens\chickens001.jpg,1
312,C:\Users\pengq\Documents\DeepLearningComputerVision\P02_MultiClassification\Dataset\train\chickens\chickens002.jpg,1
313,C:\Users\pengq\Documents\DeepLearningComputerVision\P02_MultiClassification\Dataset\train\chickens\chickens003.jpg,1
314,C:\Users\pengq\Documents\DeepLearningComputerVision\P02_MultiClassification\Dataset\train\chickens\chickens004.jpg,1
315,C:\Users\pengq\Documents\DeepLearningComputerVision\P02_MultiClassification\Dataset\train\chickens\chickens005.jpg,1
316,C:\Users\pengq\Documents\DeepLearningComputerVision\P02_MultiClassification\Dataset\train\chickens\chickens006.jpg,1
317,C:\Users\pengq\Documents\DeepLearningComputerVision\P02_MultiClassification\Dataset\train\chickens\chickens007.jpg,1
318,C:\Users\pengq\Documents\DeepLearningComputerVision\P02_MultiClassification\Dataset\train\chickens\chickens008.jpg,1
319,C:\Users\pengq\Documents\DeepLearningComputerVision\P02_MultiClassification\Dataset\train\chickens\chickens009.jpg,1
320,C:\Users\pengq\Documents\DeepLearningComputerVision\P02_MultiClassification\Dataset\train\chickens\chickens010.jpg,1
321,C:\Users\pengq\Documents\DeepLearningComputerVision\P02_MultiClassification\Dataset\train\chickens\chickens011.jpg,1
322,C:\Users\pengq\Documents\DeepLearningComputerVision\P02_MultiClassification\Dataset\train\chickens\chickens012.jpg,1
323,C:\Users\pengq\Documents\DeepLearningComputerVision\P02_MultiClassification\Dataset\train\chickens\chickens013.jpg,1
324,C:\Users\pengq\Documents\DeepLearningComputerVision\P02_MultiClassification\Dataset\train\chickens\chickens014.jpg,1
325,C:\Users\pengq\Documents\DeepLearningComputerVision\P02_MultiClassification\Dataset\train\chickens\chickens015.jpg,1
326,C:\Users\pengq\Documents\DeepLearningComputerVision\P02_MultiClassification\Dataset\train\chickens\chickens016.jpg,1
327,C:\Users\pengq\Documents\DeepLearningComputerVision\P02_MultiClassification\Dataset\train\chickens\chickens017.jpg,1
328,C:\Users\pengq\Documents\DeepLearningComputerVision\P02_MultiClassification\Dataset\train\chickens\chickens018.jpg,1
329,C:\Users\pengq\Documents\DeepLearningComputerVision\P02_MultiClassification\Dataset\train\chickens\chickens019.jpg,1
330,C:\Users\pengq\Documents\DeepLearningComputerVision\P02_MultiClassification\Dataset\train\chickens\chickens020.jpg,1
331,C:\Users\pengq\Documents\DeepLearningComputerVision\P02_MultiClassification\Dataset\train\chickens\chickens021.jpg,1
332,C:\Users\pengq\Documents\DeepLearningComputerVision\P02_MultiClassification\Dataset\train\chickens\chickens022.jpg,1
333,C:\Users\pengq\Documents\DeepLearningComputerVision\P02_MultiClassification\Dataset\train\chickens\chickens023.jpg,1
334,C:\Users\pengq\Documents\DeepLearningComputerVision\P02_MultiClassification\Dataset\train\chickens\chickens024.jpg,1
335,C:\Users\pengq\Documents\DeepLearningComputerVision\P02_MultiClassification\Dataset\train\chickens\chickens025.jpg,1
336,C:\Users\pengq\Documents\DeepLearningComputerVision\P02_MultiClassification\Dataset\train\chickens\chickens026.jpg,1
337,C:\Users\pengq\Documents\DeepLearningComputerVision\P02_MultiClassification\Dataset\train\chickens\chickens027.jpg,1
338,C:\Users\pengq\Documents\DeepLearningComputerVision\P02_MultiClassification\Dataset\train\chickens\chickens028.jpg,1
339,C:\Users\pengq\Documents\DeepLearningComputerVision\P02_MultiClassification\Dataset\train\chickens\chickens029.jpg,1
340,C:\Users\pengq\Documents\DeepLearningComputerVision\P02_MultiClassification\Dataset\train\chickens\chickens030.jpg,1
341,C:\Users\pengq\Documents\DeepLearningComputerVision\P02_MultiClassification\Dataset\train\chickens\chickens031.jpg,1
342,C:\Users\pengq\Documents\DeepLearningComputerVision\P02_MultiClassification\Dataset\train\chickens\chickens032.jpg,1
343,C:\Users\pengq\Documents\DeepLearningComputerVision\P02_MultiClassification\Dataset\train\chickens\chickens033.jpg,1
344,C:\Users\pengq\Documents\DeepLearningComputerVision\P02_MultiClassification\Dataset\train\chickens\chickens034.jpg,1
345,C:\Users\pengq\Documents\DeepLearningComputerVision\P02_MultiClassification\Dataset\train\chickens\chickens035.jpg,1
346,C:\Users\pengq\Documents\DeepLearningComputerVision\P02_MultiClassification\Dataset\train\chickens\chickens036.jpg,1
347,C:\Users\pengq\Documents\DeepLearningComputerVision\P02_MultiClassification\Dataset\train\chickens\chickens037.jpg,1
348,C:\Users\pengq\Documents\DeepLearningComputerVision\P02_MultiClassification\Dataset\train\chickens\chickens038.jpg,1
349,C:\Users\pengq\Documents\DeepLearningComputerVision\P02_MultiClassification\Dataset\train\chickens\chickens039.jpg,1
350,C:\Users\pengq\Documents\DeepLearningComputerVision\P02_MultiClassification\Dataset\train\chickens\chickens040.jpg,1
351,C:\Users\pengq\Documents\DeepLearningComputerVision\P02_MultiClassification\Dataset\train\chickens\chickens041.jpg,1
352,C:\Users\pengq\Documents\DeepLearningComputerVision\P02_MultiClassification\Dataset\train\chickens\chickens042.jpg,1
353,C:\Users\pengq\Documents\DeepLearningComputerVision\P02_MultiClassification\Dataset\train\chickens\chickens043.jpg,1
354,C:\Users\pengq\Documents\DeepLearningComputerVision\P02_MultiClassification\Dataset\train\chickens\chickens044.jpg,1
355,C:\Users\pengq\Documents\DeepLearningComputerVision\P02_MultiClassification\Dataset\train\chickens\chickens045.jpg,1
356,C:\Users\pengq\Documents\DeepLearningComputerVision\P02_MultiClassification\Dataset\train\chickens\chickens046.jpg,1
357,C:\Users\pengq\Documents\DeepLearningComputerVision\P02_MultiClassification\Dataset\train\chickens\chickens047.jpg,1
358,C:\Users\pengq\Documents\DeepLearningComputerVision\P02_MultiClassification\Dataset\train\chickens\chickens048.jpg,1
359,C:\Users\pengq\Documents\DeepLearningComputerVision\P02_MultiClassification\Dataset\train\chickens\chickens049.jpg,1
360,C:\Users\pengq\Documents\DeepLearningComputerVision\P02_MultiClassification\Dataset\train\chickens\chickens050.jpg,1
361,C:\Users\pengq\Documents\DeepLearningComputerVision\P02_MultiClassification\Dataset\train\chickens\chickens051.jpg,1
362,C:\Users\pengq\Documents\DeepLearningComputerVision\P02_MultiClassification\Dataset\train\chickens\chickens052.jpg,1
363,C:\Users\pengq\Documents\DeepLearningComputerVision\P02_MultiClassification\Dataset\train\chickens\chickens053.jpg,1
364,C:\Users\pengq\Documents\DeepLearningComputerVision\P02_MultiClassification\Dataset\train\chickens\chickens054.jpg,1
365,C:\Users\pengq\Documents\DeepLearningComputerVision\P02_MultiClassification\Dataset\train\chickens\chickens055.jpg,1
366,C:\Users\pengq\Documents\DeepLearningComputerVision\P02_MultiClassification\Dataset\train\chickens\chickens056.jpg,1
367,C:\Users\pengq\Documents\DeepLearningComputerVision\P02_MultiClassification\Dataset\train\chickens\chickens057.jpg,1
368,C:\Users\pengq\Documents\DeepLearningComputerVision\P02_MultiClassification\Dataset\train\chickens\chickens058.jpg,1
369,C:\Users\pengq\Documents\DeepLearningComputerVision\P02_MultiClassification\Dataset\train\chickens\chickens059.jpg,1
370,C:\Users\pengq\Documents\DeepLearningComputerVision\P02_MultiClassification\Dataset\train\chickens\chickens060.jpg,1
371,C:\Users\pengq\Documents\DeepLearningComputerVision\P02_MultiClassification\Dataset\train\chickens\chickens061.jpg,1
372,C:\Users\pengq\Documents\DeepLearningComputerVision\P02_MultiClassification\Dataset\train\chickens\chickens062.jpg,1
373,C:\Users\pengq\Documents\DeepLearningComputerVision\P02_MultiClassification\Dataset\train\chickens\chickens063.jpg,1
374,C:\Users\pengq\Documents\DeepLearningComputerVision\P02_MultiClassification\Dataset\train\chickens\chickens064.jpg,1
375,C:\Users\pengq\Documents\DeepLearningComputerVision\P02_MultiClassification\Dataset\train\chickens\chickens065.jpg,1
376,C:\Users\pengq\Documents\DeepLearningComputerVision\P02_MultiClassification\Dataset\train\chickens\chickens066.jpg,1
377,C:\Users\pengq\Documents\DeepLearningComputerVision\P02_MultiClassification\Dataset\train\chickens\chickens067.jpg,1
378,C:\Users\pengq\Documents\DeepLearningComputerVision\P02_MultiClassification\Dataset\train\chickens\chickens068.jpg,1
379,C:\Users\pengq\Documents\DeepLearningComputerVision\P02_MultiClassification\Dataset\train\chickens\chickens069.jpg,1
380,C:\Users\pengq\Documents\DeepLearningComputerVision\P02_MultiClassification\Dataset\train\chickens\chickens070.jpg,1
381,C:\Users\pengq\Documents\DeepLearningComputerVision\P02_MultiClassification\Dataset\train\chickens\chickens071.jpg,1
382,C:\Users\pengq\Documents\DeepLearningComputerVision\P02_MultiClassification\Dataset\train\chickens\chickens072.jpg,1
383,C:\Users\pengq\Documents\DeepLearningComputerVision\P02_MultiClassification\Dataset\train\chickens\chickens073.jpg,1
384,C:\Users\pengq\Documents\DeepLearningComputerVision\P02_MultiClassification\Dataset\train\chickens\chickens074.jpg,1
385,C:\Users\pengq\Documents\DeepLearningComputerVision\P02_MultiClassification\Dataset\train\chickens\chickens075.jpg,1
386,C:\Users\pengq\Documents\DeepLearningComputerVision\P02_MultiClassification\Dataset\train\chickens\chickens076.jpg,1
387,C:\Users\pengq\Documents\DeepLearningComputerVision\P02_MultiClassification\Dataset\train\chickens\chickens077.jpg,1
388,C:\Users\pengq\Documents\DeepLearningComputerVision\P02_MultiClassification\Dataset\train\chickens\chickens078.jpg,1
389,C:\Users\pengq\Documents\DeepLearningComputerVision\P02_MultiClassification\Dataset\train\chickens\chickens079.jpg,1
390,C:\Users\pengq\Documents\DeepLearningComputerVision\P02_MultiClassification\Dataset\train\chickens\chickens080.jpg,1
391,C:\Users\pengq\Documents\DeepLearningComputerVision\P02_MultiClassification\Dataset\train\chickens\chickens081.jpg,1
392,C:\Users\pengq\Documents\DeepLearningComputerVision\P02_MultiClassification\Dataset\train\chickens\chickens082.jpg,1
393,C:\Users\pengq\Documents\DeepLearningComputerVision\P02_MultiClassification\Dataset\train\chickens\chickens083.jpg,1
394,C:\Users\pengq\Documents\DeepLearningComputerVision\P02_MultiClassification\Dataset\train\chickens\chickens084.jpg,1
395,C:\Users\pengq\Documents\DeepLearningComputerVision\P02_MultiClassification\Dataset\train\chickens\chickens085.jpg,1
396,C:\Users\pengq\Documents\DeepLearningComputerVision\P02_MultiClassification\Dataset\train\chickens\chickens086.jpg,1
397,C:\Users\pengq\Documents\DeepLearningComputerVision\P02_MultiClassification\Dataset\train\chickens\chickens087.jpg,1
398,C:\Users\pengq\Documents\DeepLearningComputerVision\P02_MultiClassification\Dataset\train\chickens\chickens088.jpg,1
399,C:\Users\pengq\Documents\DeepLearningComputerVision\P02_MultiClassification\Dataset\train\chickens\chickens089.jpg,1
400,C:\Users\pengq\Documents\DeepLearningComputerVision\P02_MultiClassification\Dataset\train\chickens\chickens090.jpg,1
401,C:\Users\pengq\Documents\DeepLearningComputerVision\P02_MultiClassification\Dataset\train\chickens\chickens091.jpg,1
402,C:\Users\pengq\Documents\DeepLearningComputerVision\P02_MultiClassification\Dataset\train\chickens\chickens092.jpg,1
403,C:\Users\pengq\Documents\DeepLearningComputerVision\P02_MultiClassification\Dataset\train\chickens\chickens093.jpg,1
404,C:\Users\pengq\Documents\DeepLearningComputerVision\P02_MultiClassification\Dataset\train\chickens\chickens094.jpg,1
405,C:\Users\pengq\Documents\DeepLearningComputerVision\P02_MultiClassification\Dataset\train\chickens\chickens095.jpg,1
406,C:\Users\pengq\Documents\DeepLearningComputerVision\P02_MultiClassification\Dataset\train\chickens\chickens096.jpg,1
407,C:\Users\pengq\Documents\DeepLearningComputerVision\P02_MultiClassification\Dataset\train\chickens\chickens097.jpg,1
408,C:\Users\pengq\Documents\DeepLearningComputerVision\P02_MultiClassification\Dataset\train\chickens\chickens098.jpg,1
409,C:\Users\pengq\Documents\DeepLearningComputerVision\P02_MultiClassification\Dataset\train\chickens\chickens099.jpg,1
410,C:\Users\pengq\Documents\DeepLearningComputerVision\P02_MultiClassification\Dataset\train\chickens\chickens100.jpg,1
411,C:\Users\pengq\Documents\DeepLearningComputerVision\P02_MultiClassification\Dataset\train\chickens\chickens101.jpg,1
412,C:\Users\pengq\Documents\DeepLearningComputerVision\P02_MultiClassification\Dataset\train\chickens\chickens102.jpg,1
413,C:\Users\pengq\Documents\DeepLearningComputerVision\P02_MultiClassification\Dataset\train\chickens\chickens103.jpg,1
414,C:\Users\pengq\Documents\DeepLearningComputerVision\P02_MultiClassification\Dataset\train\chickens\chickens104.jpg,1
415,C:\Users\pengq\Documents\DeepLearningComputerVision\P02_MultiClassification\Dataset\train\chickens\chickens105.jpg,1
416,C:\Users\pengq\Documents\DeepLearningComputerVision\P02_MultiClassification\Dataset\train\chickens\chickens106.jpg,1
417,C:\Users\pengq\Documents\DeepLearningComputerVision\P02_MultiClassification\Dataset\train\chickens\chickens107.jpg,1
418,C:\Users\pengq\Documents\DeepLearningComputerVision\P02_MultiClassification\Dataset\train\chickens\chickens108.jpg,1
419,C:\Users\pengq\Documents\DeepLearningComputerVision\P02_MultiClassification\Dataset\train\chickens\chickens109.jpg,1
420,C:\Users\pengq\Documents\DeepLearningComputerVision\P02_MultiClassification\Dataset\train\chickens\chickens110.jpg,1
421,C:\Users\pengq\Documents\DeepLearningComputerVision\P02_MultiClassification\Dataset\train\chickens\chickens111.jpg,1
422,C:\Users\pengq\Documents\DeepLearningComputerVision\P02_MultiClassification\Dataset\train\chickens\chickens112.jpg,1
423,C:\Users\pengq\Documents\DeepLearningComputerVision\P02_MultiClassification\Dataset\train\chickens\chickens113.jpg,1
424,C:\Users\pengq\Documents\DeepLearningComputerVision\P02_MultiClassification\Dataset\train\chickens\chickens114.jpg,1
425,C:\Users\pengq\Documents\DeepLearningComputerVision\P02_MultiClassification\Dataset\train\chickens\chickens115.jpg,1
426,C:\Users\pengq\Documents\DeepLearningComputerVision\P02_MultiClassification\Dataset\train\chickens\chickens116.jpg,1
427,C:\Users\pengq\Documents\DeepLearningComputerVision\P02_MultiClassification\Dataset\train\chickens\chickens117.jpg,1
428,C:\Users\pengq\Documents\DeepLearningComputerVision\P02_MultiClassification\Dataset\train\chickens\chickens118.jpg,1
429,C:\Users\pengq\Documents\DeepLearningComputerVision\P02_MultiClassification\Dataset\train\chickens\chickens119.jpg,1
430,C:\Users\pengq\Documents\DeepLearningComputerVision\P02_MultiClassification\Dataset\train\chickens\chickens120.jpg,1
431,C:\Users\pengq\Documents\DeepLearningComputerVision\P02_MultiClassification\Dataset\train\chickens\chickens121.jpg,1
432,C:\Users\pengq\Documents\DeepLearningComputerVision\P02_MultiClassification\Dataset\train\chickens\chickens122.jpg,1
433,C:\Users\pengq\Documents\DeepLearningComputerVision\P02_MultiClassification\Dataset\train\chickens\chickens123.jpg,1
434,C:\Users\pengq\Documents\DeepLearningComputerVision\P02_MultiClassification\Dataset\train\chickens\chickens124.jpg,1
435,C:\Users\pengq\Documents\DeepLearningComputerVision\P02_MultiClassification\Dataset\train\chickens\chickens125.jpg,1
436,C:\Users\pengq\Documents\DeepLearningComputerVision\P02_MultiClassification\Dataset\train\chickens\chickens126.jpg,1
437,C:\Users\pengq\Documents\DeepLearningComputerVision\P02_MultiClassification\Dataset\train\chickens\chickens127.jpg,1
438,C:\Users\pengq\Documents\DeepLearningComputerVision\P02_MultiClassification\Dataset\train\chickens\chickens128.jpg,1
439,C:\Users\pengq\Documents\DeepLearningComputerVision\P02_MultiClassification\Dataset\train\chickens\chickens129.jpg,1
440,C:\Users\pengq\Documents\DeepLearningComputerVision\P02_MultiClassification\Dataset\train\chickens\chickens130.jpg,1
441,C:\Users\pengq\Documents\DeepLearningComputerVision\P02_MultiClassification\Dataset\train\chickens\chickens131.jpg,1
442,C:\Users\pengq\Documents\DeepLearningComputerVision\P02_MultiClassification\Dataset\train\chickens\chickens132.jpg,1
443,C:\Users\pengq\Documents\DeepLearningComputerVision\P02_MultiClassification\Dataset\train\chickens\chickens133.jpg,1
444,C:\Users\pengq\Documents\DeepLearningComputerVision\P02_MultiClassification\Dataset\train\chickens\chickens134.jpg,1
445,C:\Users\pengq\Documents\DeepLearningComputerVision\P02_MultiClassification\Dataset\train\chickens\chickens135.jpg,1
446,C:\Users\pengq\Documents\DeepLearningComputerVision\P02_MultiClassification\Dataset\train\chickens\chickens136.jpg,1
447,C:\Users\pengq\Documents\DeepLearningComputerVision\P02_MultiClassification\Dataset\train\chickens\chickens137.jpg,1
448,C:\Users\pengq\Documents\DeepLearningComputerVision\P02_MultiClassification\Dataset\train\chickens\chickens138.jpg,1
449,C:\Users\pengq\Documents\DeepLearningComputerVision\P02_MultiClassification\Dataset\train\chickens\chickens139.jpg,1
450,C:\Users\pengq\Documents\DeepLearningComputerVision\P02_MultiClassification\Dataset\train\chickens\chickens140.jpg,1
451,C:\Users\pengq\Documents\DeepLearningComputerVision\P02_MultiClassification\Dataset\train\chickens\chickens141.jpg,1
452,C:\Users\pengq\Documents\DeepLearningComputerVision\P02_MultiClassification\Dataset\train\chickens\chickens142.jpg,1
453,C:\Users\pengq\Documents\DeepLearningComputerVision\P02_MultiClassification\Dataset\train\chickens\chickens143.jpg,1
454,C:\Users\pengq\Documents\DeepLearningComputerVision\P02_MultiClassification\Dataset\train\chickens\chickens144.jpg,1
455,C:\Users\pengq\Documents\DeepLearningComputerVision\P02_MultiClassification\Dataset\train\chickens\chickens145.jpg,1
456,C:\Users\pengq\Documents\DeepLearningComputerVision\P02_MultiClassification\Dataset\train\chickens\chickens146.jpg,1
457,C:\Users\pengq\Documents\DeepLearningComputerVision\P02_MultiClassification\Dataset\train\chickens\chickens147.jpg,1
458,C:\Users\pengq\Documents\DeepLearningComputerVision\P02_MultiClassification\Dataset\train\chickens\chickens148.jpg,1
459,C:\Users\pengq\Documents\DeepLearningComputerVision\P02_MultiClassification\Dataset\train\chickens\chickens149.jpg,1
460,C:\Users\pengq\Documents\DeepLearningComputerVision\P02_MultiClassification\Dataset\train\chickens\chickens150.jpg,1
461,C:\Users\pengq\Documents\DeepLearningComputerVision\P02_MultiClassification\Dataset\train\chickens\chickens151.jpg,1
462,C:\Users\pengq\Documents\DeepLearningComputerVision\P02_MultiClassification\Dataset\train\chickens\chickens152.jpg,1
463,C:\Users\pengq\Documents\DeepLearningComputerVision\P02_MultiClassification\Dataset\train\chickens\chickens153.jpg,1
464,C:\Users\pengq\Documents\DeepLearningComputerVision\P02_MultiClassification\Dataset\train\chickens\chickens154.jpg,1
465,C:\Users\pengq\Documents\DeepLearningComputerVision\P02_MultiClassification\Dataset\train\chickens\chickens155.jpg,1
466,C:\Users\pengq\Documents\DeepLearningComputerVision\P02_MultiClassification\Dataset\train\chickens\chickens156.jpg,1
467,C:\Users\pengq\Documents\DeepLearningComputerVision\P02_MultiClassification\Dataset\train\chickens\chickens157.jpg,1
468,C:\Users\pengq\Documents\DeepLearningComputerVision\P02_MultiClassification\Dataset\train\chickens\chickens158.jpg,1
469,C:\Users\pengq\Documents\DeepLearningComputerVision\P02_MultiClassification\Dataset\train\chickens\chickens159.jpg,1
470,C:\Users\pengq\Documents\DeepLearningComputerVision\P02_MultiClassification\Dataset\train\chickens\chickens160.jpg,1
471,C:\Users\pengq\Documents\DeepLearningComputerVision\P02_MultiClassification\Dataset\train\chickens\chickens161.jpg,1
472,C:\Users\pengq\Documents\DeepLearningComputerVision\P02_MultiClassification\Dataset\train\chickens\chickens162.jpg,1
473,C:\Users\pengq\Documents\DeepLearningComputerVision\P02_MultiClassification\Dataset\train\chickens\chickens163.jpg,1
474,C:\Users\pengq\Documents\DeepLearningComputerVision\P02_MultiClassification\Dataset\train\chickens\chickens164.jpg,1
475,C:\Users\pengq\Documents\DeepLearningComputerVision\P02_MultiClassification\Dataset\train\chickens\chickens165.jpg,1
476,C:\Users\pengq\Documents\DeepLearningComputerVision\P02_MultiClassification\Dataset\train\chickens\chickens166.jpg,1
477,C:\Users\pengq\Documents\DeepLearningComputerVision\P02_MultiClassification\Dataset\train\chickens\chickens167.jpg,1
478,C:\Users\pengq\Documents\DeepLearningComputerVision\P02_MultiClassification\Dataset\train\chickens\chickens168.jpg,1
479,C:\Users\pengq\Documents\DeepLearningComputerVision\P02_MultiClassification\Dataset\train\chickens\chickens169.jpg,1
480,C:\Users\pengq\Documents\DeepLearningComputerVision\P02_MultiClassification\Dataset\train\chickens\chickens170.jpg,1
481,C:\Users\pengq\Documents\DeepLearningComputerVision\P02_MultiClassification\Dataset\train\chickens\chickens171.jpg,1
482,C:\Users\pengq\Documents\DeepLearningComputerVision\P02_MultiClassification\Dataset\train\chickens\chickens172.jpg,1
483,C:\Users\pengq\Documents\DeepLearningComputerVision\P02_MultiClassification\Dataset\train\chickens\chickens173.jpg,1
484,C:\Users\pengq\Documents\DeepLearningComputerVision\P02_MultiClassification\Dataset\train\chickens\chickens174.jpg,1
485,C:\Users\pengq\Documents\DeepLearningComputerVision\P02_MultiClassification\Dataset\train\chickens\chickens175.jpg,1
486,C:\Users\pengq\Documents\DeepLearningComputerVision\P02_MultiClassification\Dataset\train\chickens\chickens176.jpg,1
487,C:\Users\pengq\Documents\DeepLearningComputerVision\P02_MultiClassification\Dataset\train\chickens\chickens177.jpg,1
488,C:\Users\pengq\Documents\DeepLearningComputerVision\P02_MultiClassification\Dataset\train\chickens\chickens178.jpg,1
489,C:\Users\pengq\Documents\DeepLearningComputerVision\P02_MultiClassification\Dataset\train\chickens\chickens179.jpg,1
490,C:\Users\pengq\Documents\DeepLearningComputerVision\P02_MultiClassification\Dataset\train\chickens\chickens180.jpg,1
491,C:\Users\pengq\Documents\DeepLearningComputerVision\P02_MultiClassification\Dataset\train\chickens\chickens181.jpg,1
492,C:\Users\pengq\Documents\DeepLearningComputerVision\P02_MultiClassification\Dataset\train\chickens\chickens182.jpg,1
493,C:\Users\pengq\Documents\DeepLearningComputerVision\P02_MultiClassification\Dataset\train\chickens\chickens183.jpg,1
494,C:\Users\pengq\Documents\DeepLearningComputerVision\P02_MultiClassification\Dataset\train\chickens\chickens184.jpg,1
495,C:\Users\pengq\Documents\DeepLearningComputerVision\P02_MultiClassification\Dataset\train\chickens\chickens185.jpg,1
496,C:\Users\pengq\Documents\DeepLearningComputerVision\P02_MultiClassification\Dataset\train\chickens\chickens186.jpg,1
497,C:\Users\pengq\Documents\DeepLearningComputerVision\P02_MultiClassification\Dataset\train\chickens\chickens187.jpg,1
498,C:\Users\pengq\Documents\DeepLearningComputerVision\P02_MultiClassification\Dataset\train\chickens\chickens188.jpg,1
499,C:\Users\pengq\Documents\DeepLearningComputerVision\P02_MultiClassification\Dataset\train\chickens\chickens189.jpg,1
500,C:\Users\pengq\Documents\DeepLearningComputerVision\P02_MultiClassification\Dataset\train\chickens\chickens190.jpg,1
501,C:\Users\pengq\Documents\DeepLearningComputerVision\P02_MultiClassification\Dataset\train\chickens\chickens191.jpg,1
502,C:\Users\pengq\Documents\DeepLearningComputerVision\P02_MultiClassification\Dataset\train\chickens\chickens192.jpg,1
503,C:\Users\pengq\Documents\DeepLearningComputerVision\P02_MultiClassification\Dataset\train\chickens\chickens193.jpg,1
504,C:\Users\pengq\Documents\DeepLearningComputerVision\P02_MultiClassification\Dataset\train\chickens\chickens194.jpg,1
505,C:\Users\pengq\Documents\DeepLearningComputerVision\P02_MultiClassification\Dataset\train\chickens\chickens195.jpg,1
506,C:\Users\pengq\Documents\DeepLearningComputerVision\P02_MultiClassification\Dataset\train\chickens\chickens196.jpg,1
507,C:\Users\pengq\Documents\DeepLearningComputerVision\P02_MultiClassification\Dataset\train\chickens\chickens197.jpg,1
508,C:\Users\pengq\Documents\DeepLearningComputerVision\P02_MultiClassification\Dataset\train\chickens\chickens198.jpg,1
509,C:\Users\pengq\Documents\DeepLearningComputerVision\P02_MultiClassification\Dataset\train\chickens\chickens199.jpg,1
510,C:\Users\pengq\Documents\DeepLearningComputerVision\P02_MultiClassification\Dataset\train\chickens\chickens200.jpg,1
511,C:\Users\pengq\Documents\DeepLearningComputerVision\P02_MultiClassification\Dataset\train\chickens\chickens201.jpg,1
512,C:\Users\pengq\Documents\DeepLearningComputerVision\P02_MultiClassification\Dataset\train\chickens\chickens202.jpg,1
513,C:\Users\pengq\Documents\DeepLearningComputerVision\P02_MultiClassification\Dataset\train\chickens\chickens203.jpg,1
514,C:\Users\pengq\Documents\DeepLearningComputerVision\P02_MultiClassification\Dataset\train\chickens\chickens204.jpg,1
515,C:\Users\pengq\Documents\DeepLearningComputerVision\P02_MultiClassification\Dataset\train\chickens\chickens205.jpg,1
516,C:\Users\pengq\Documents\DeepLearningComputerVision\P02_MultiClassification\Dataset\train\chickens\chickens206.jpg,1
517,C:\Users\pengq\Documents\DeepLearningComputerVision\P02_MultiClassification\Dataset\train\chickens\chickens207.jpg,1
518,C:\Users\pengq\Documents\DeepLearningComputerVision\P02_MultiClassification\Dataset\train\chickens\chickens208.jpg,1
519,C:\Users\pengq\Documents\DeepLearningComputerVision\P02_MultiClassification\Dataset\train\chickens\chickens209.jpg,1
520,C:\Users\pengq\Documents\DeepLearningComputerVision\P02_MultiClassification\Dataset\train\chickens\chickens210.jpg,1
521,C:\Users\pengq\Documents\DeepLearningComputerVision\P02_MultiClassification\Dataset\train\chickens\chickens211.jpg,1
522,C:\Users\pengq\Documents\DeepLearningComputerVision\P02_MultiClassification\Dataset\train\chickens\chickens212.jpg,1
523,C:\Users\pengq\Documents\DeepLearningComputerVision\P02_MultiClassification\Dataset\train\chickens\chickens213.jpg,1
524,C:\Users\pengq\Documents\DeepLearningComputerVision\P02_MultiClassification\Dataset\train\chickens\chickens214.jpg,1
525,C:\Users\pengq\Documents\DeepLearningComputerVision\P02_MultiClassification\Dataset\train\chickens\chickens215.jpg,1
526,C:\Users\pengq\Documents\DeepLearningComputerVision\P02_MultiClassification\Dataset\train\chickens\chickens216.jpg,1
527,C:\Users\pengq\Documents\DeepLearningComputerVision\P02_MultiClassification\Dataset\train\chickens\chickens217.jpg,1
528,C:\Users\pengq\Documents\DeepLearningComputerVision\P02_MultiClassification\Dataset\train\chickens\chickens218.jpg,1
529,C:\Users\pengq\Documents\DeepLearningComputerVision\P02_MultiClassification\Dataset\train\chickens\chickens219.jpg,1
530,C:\Users\pengq\Documents\DeepLearningComputerVision\P02_MultiClassification\Dataset\train\chickens\chickens220.jpg,1
531,C:\Users\pengq\Documents\DeepLearningComputerVision\P02_MultiClassification\Dataset\train\chickens\chickens221.jpg,1
532,C:\Users\pengq\Documents\DeepLearningComputerVision\P02_MultiClassification\Dataset\train\chickens\chickens222.jpg,1
533,C:\Users\pengq\Documents\DeepLearningComputerVision\P02_MultiClassification\Dataset\train\chickens\chickens223.jpg,1
534,C:\Users\pengq\Documents\DeepLearningComputerVision\P02_MultiClassification\Dataset\train\chickens\chickens224.jpg,1
535,C:\Users\pengq\Documents\DeepLearningComputerVision\P02_MultiClassification\Dataset\train\chickens\chickens225.jpg,1
536,C:\Users\pengq\Documents\DeepLearningComputerVision\P02_MultiClassification\Dataset\train\chickens\chickens226.jpg,1
537,C:\Users\pengq\Documents\DeepLearningComputerVision\P02_MultiClassification\Dataset\train\chickens\chickens227.jpg,1
538,C:\Users\pengq\Documents\DeepLearningComputerVision\P02_MultiClassification\Dataset\train\chickens\chickens228.jpg,1
539,C:\Users\pengq\Documents\DeepLearningComputerVision\P02_MultiClassification\Dataset\train\chickens\chickens229.jpg,1
540,C:\Users\pengq\Documents\DeepLearningComputerVision\P02_MultiClassification\Dataset\train\chickens\chickens230.jpg,1
541,C:\Users\pengq\Documents\DeepLearningComputerVision\P02_MultiClassification\Dataset\train\chickens\chickens231.jpg,1
542,C:\Users\pengq\Documents\DeepLearningComputerVision\P02_MultiClassification\Dataset\train\chickens\chickens232.jpg,1
543,C:\Users\pengq\Documents\DeepLearningComputerVision\P02_MultiClassification\Dataset\train\chickens\chickens233.jpg,1
544,C:\Users\pengq\Documents\DeepLearningComputerVision\P02_MultiClassification\Dataset\train\chickens\chickens234.jpg,1
545,C:\Users\pengq\Documents\DeepLearningComputerVision\P02_MultiClassification\Dataset\train\chickens\chickens235.jpg,1
546,C:\Users\pengq\Documents\DeepLearningComputerVision\P02_MultiClassification\Dataset\train\chickens\chickens236.jpg,1
547,C:\Users\pengq\Documents\DeepLearningComputerVision\P02_MultiClassification\Dataset\train\chickens\chickens237.jpg,1
548,C:\Users\pengq\Documents\DeepLearningComputerVision\P02_MultiClassification\Dataset\train\chickens\chickens238.jpg,1
549,C:\Users\pengq\Documents\DeepLearningComputerVision\P02_MultiClassification\Dataset\train\chickens\chickens239.jpg,1
550,C:\Users\pengq\Documents\DeepLearningComputerVision\P02_MultiClassification\Dataset\train\chickens\chickens240.jpg,1
551,C:\Users\pengq\Documents\DeepLearningComputerVision\P02_MultiClassification\Dataset\train\chickens\chickens241.jpg,1
552,C:\Users\pengq\Documents\DeepLearningComputerVision\P02_MultiClassification\Dataset\train\chickens\chickens242.jpg,1
553,C:\Users\pengq\Documents\DeepLearningComputerVision\P02_MultiClassification\Dataset\train\chickens\chickens243.jpg,1
554,C:\Users\pengq\Documents\DeepLearningComputerVision\P02_MultiClassification\Dataset\train\chickens\chickens244.jpg,1
555,C:\Users\pengq\Documents\DeepLearningComputerVision\P02_MultiClassification\Dataset\train\chickens\chickens245.jpg,1
556,C:\Users\pengq\Documents\DeepLearningComputerVision\P02_MultiClassification\Dataset\train\chickens\chickens246.jpg,1
557,C:\Users\pengq\Documents\DeepLearningComputerVision\P02_MultiClassification\Dataset\train\chickens\chickens247.jpg,1
558,C:\Users\pengq\Documents\DeepLearningComputerVision\P02_MultiClassification\Dataset\train\chickens\chickens248.jpg,1
559,C:\Users\pengq\Documents\DeepLearningComputerVision\P02_MultiClassification\Dataset\train\chickens\chickens249.jpg,1
560,C:\Users\pengq\Documents\DeepLearningComputerVision\P02_MultiClassification\Dataset\train\chickens\chickens250.jpg,1
561,C:\Users\pengq\Documents\DeepLearningComputerVision\P02_MultiClassification\Dataset\train\chickens\chickens251.jpg,1
562,C:\Users\pengq\Documents\DeepLearningComputerVision\P02_MultiClassification\Dataset\train\chickens\chickens252.jpg,1
563,C:\Users\pengq\Documents\DeepLearningComputerVision\P02_MultiClassification\Dataset\train\chickens\chickens253.jpg,1
564,C:\Users\pengq\Documents\DeepLearningComputerVision\P02_MultiClassification\Dataset\train\chickens\chickens254.jpg,1
565,C:\Users\pengq\Documents\DeepLearningComputerVision\P02_MultiClassification\Dataset\train\chickens\chickens255.jpg,1
566,C:\Users\pengq\Documents\DeepLearningComputerVision\P02_MultiClassification\Dataset\train\chickens\chickens256.jpg,1
567,C:\Users\pengq\Documents\DeepLearningComputerVision\P02_MultiClassification\Dataset\train\chickens\chickens257.jpg,1
568,C:\Users\pengq\Documents\DeepLearningComputerVision\P02_MultiClassification\Dataset\train\chickens\chickens258.jpg,1
569,C:\Users\pengq\Documents\DeepLearningComputerVision\P02_MultiClassification\Dataset\train\chickens\chickens259.jpg,1
570,C:\Users\pengq\Documents\DeepLearningComputerVision\P02_MultiClassification\Dataset\train\chickens\chickens260.jpg,1
571,C:\Users\pengq\Documents\DeepLearningComputerVision\P02_MultiClassification\Dataset\train\chickens\chickens261.jpg,1
572,C:\Users\pengq\Documents\DeepLearningComputerVision\P02_MultiClassification\Dataset\train\chickens\chickens262.jpg,1
573,C:\Users\pengq\Documents\DeepLearningComputerVision\P02_MultiClassification\Dataset\train\chickens\chickens263.jpg,1
574,C:\Users\pengq\Documents\DeepLearningComputerVision\P02_MultiClassification\Dataset\train\chickens\chickens264.jpg,1
575,C:\Users\pengq\Documents\DeepLearningComputerVision\P02_MultiClassification\Dataset\train\chickens\chickens265.jpg,1
576,C:\Users\pengq\Documents\DeepLearningComputerVision\P02_MultiClassification\Dataset\train\chickens\chickens266.jpg,1
577,C:\Users\pengq\Documents\DeepLearningComputerVision\P02_MultiClassification\Dataset\train\chickens\chickens267.jpg,1
578,C:\Users\pengq\Documents\DeepLearningComputerVision\P02_MultiClassification\Dataset\train\chickens\chickens268.jpg,1
579,C:\Users\pengq\Documents\DeepLearningComputerVision\P02_MultiClassification\Dataset\train\chickens\chickens269.jpg,1
580,C:\Users\pengq\Documents\DeepLearningComputerVision\P02_MultiClassification\Dataset\train\chickens\chickens270.jpg,1
581,C:\Users\pengq\Documents\DeepLearningComputerVision\P02_MultiClassification\Dataset\train\chickens\chickens271.jpg,1
582,C:\Users\pengq\Documents\DeepLearningComputerVision\P02_MultiClassification\Dataset\train\chickens\chickens272.jpg,1
583,C:\Users\pengq\Documents\DeepLearningComputerVision\P02_MultiClassification\Dataset\train\chickens\chickens273.jpg,1
584,C:\Users\pengq\Documents\DeepLearningComputerVision\P02_MultiClassification\Dataset\train\chickens\chickens274.jpg,1
585,C:\Users\pengq\Documents\DeepLearningComputerVision\P02_MultiClassification\Dataset\train\chickens\chickens275.jpg,1
586,C:\Users\pengq\Documents\DeepLearningComputerVision\P02_MultiClassification\Dataset\train\chickens\chickens276.jpg,1
587,C:\Users\pengq\Documents\DeepLearningComputerVision\P02_MultiClassification\Dataset\train\chickens\chickens277.jpg,1
588,C:\Users\pengq\Documents\DeepLearningComputerVision\P02_MultiClassification\Dataset\train\chickens\chickens278.jpg,1
589,C:\Users\pengq\Documents\DeepLearningComputerVision\P02_MultiClassification\Dataset\train\chickens\chickens279.jpg,1
590,C:\Users\pengq\Documents\DeepLearningComputerVision\P02_MultiClassification\Dataset\train\chickens\chickens280.jpg,1
591,C:\Users\pengq\Documents\DeepLearningComputerVision\P02_MultiClassification\Dataset\train\chickens\chickens281.jpg,1
592,C:\Users\pengq\Documents\DeepLearningComputerVision\P02_MultiClassification\Dataset\train\chickens\chickens282.jpg,1
593,C:\Users\pengq\Documents\DeepLearningComputerVision\P02_MultiClassification\Dataset\train\chickens\chickens283.jpg,1
594,C:\Users\pengq\Documents\DeepLearningComputerVision\P02_MultiClassification\Dataset\train\chickens\chickens284.jpg,1
595,C:\Users\pengq\Documents\DeepLearningComputerVision\P02_MultiClassification\Dataset\train\chickens\chickens285.jpg,1
596,C:\Users\pengq\Documents\DeepLearningComputerVision\P02_MultiClassification\Dataset\train\chickens\chickens286.jpg,1
597,C:\Users\pengq\Documents\DeepLearningComputerVision\P02_MultiClassification\Dataset\train\chickens\chickens287.jpg,1
598,C:\Users\pengq\Documents\DeepLearningComputerVision\P02_MultiClassification\Dataset\train\chickens\chickens288.jpg,1
599,C:\Users\pengq\Documents\DeepLearningComputerVision\P02_MultiClassification\Dataset\train\chickens\chickens289.jpg,1
600,C:\Users\pengq\Documents\DeepLearningComputerVision\P02_MultiClassification\Dataset\train\chickens\chickens290.jpg,1
601,C:\Users\pengq\Documents\DeepLearningComputerVision\P02_MultiClassification\Dataset\train\chickens\chickens291.jpg,1
602,C:\Users\pengq\Documents\DeepLearningComputerVision\P02_MultiClassification\Dataset\train\chickens\chickens292.jpg,1
603,C:\Users\pengq\Documents\DeepLearningComputerVision\P02_MultiClassification\Dataset\train\chickens\chickens293.jpg,1
604,C:\Users\pengq\Documents\DeepLearningComputerVision\P02_MultiClassification\Dataset\train\chickens\chickens294.jpg,1
605,C:\Users\pengq\Documents\DeepLearningComputerVision\P02_MultiClassification\Dataset\train\chickens\chickens295.jpg,1
606,C:\Users\pengq\Documents\DeepLearningComputerVision\P02_MultiClassification\Dataset\train\chickens\chickens296.jpg,1
607,C:\Users\pengq\Documents\DeepLearningComputerVision\P02_MultiClassification\Dataset\train\chickens\chickens297.jpg,1
608,C:\Users\pengq\Documents\DeepLearningComputerVision\P02_MultiClassification\Dataset\train\chickens\chickens298.jpg,1
609,C:\Users\pengq\Documents\DeepLearningComputerVision\P02_MultiClassification\Dataset\train\chickens\chickens299.jpg,1
610,C:\Users\pengq\Documents\DeepLearningComputerVision\P02_MultiClassification\Dataset\train\chickens\chickens300.jpg,1
611,C:\Users\pengq\Documents\DeepLearningComputerVision\P02_MultiClassification\Dataset\train\chickens\chickens301.jpg,1
612,C:\Users\pengq\Documents\DeepLearningComputerVision\P02_MultiClassification\Dataset\train\chickens\chickens302.jpg,1
613,C:\Users\pengq\Documents\DeepLearningComputerVision\P02_MultiClassification\Dataset\train\chickens\chickens303.jpg,1
614,C:\Users\pengq\Documents\DeepLearningComputerVision\P02_MultiClassification\Dataset\train\chickens\chickens304.jpg,1
615,C:\Users\pengq\Documents\DeepLearningComputerVision\P02_MultiClassification\Dataset\train\chickens\chickens305.jpg,1
616,C:\Users\pengq\Documents\DeepLearningComputerVision\P02_MultiClassification\Dataset\train\chickens\chickens306.jpg,1
617,C:\Users\pengq\Documents\DeepLearningComputerVision\P02_MultiClassification\Dataset\train\chickens\chickens307.jpg,1
618,C:\Users\pengq\Documents\DeepLearningComputerVision\P02_MultiClassification\Dataset\train\chickens\chickens308.jpg,1
619,C:\Users\pengq\Documents\DeepLearningComputerVision\P02_MultiClassification\Dataset\train\chickens\chickens309.jpg,1
